"","database_identifier","chemical_formula","smiles","inchi","metabolite_identification","modifications","taxid","species"
"M104.108T32.3","CHEBI:15354","C5H14NO+","C[N+](C)(C)CCO","InChI=1S/C5H14NO/c1-6(2,3)4-5-7/h7H,4-5H2,1-3H3/q+1","Choline","M+H","NCBITAXON:http://purl.obolibrary.org/obo/NCBITaxon_9629","Homo sapiens"
"M114.067T32.3","CHEBI:16737","C4H7N3O","CN1CC(=O)N=C1N","InChI=1S/C4H7N3O/c1-7-2-3(8)6-4(7)5/h2H2,1H3,(H2,5,6,8)","Creatinine","M+H","NCBITAXON:http://purl.obolibrary.org/obo/NCBITaxon_9630","Homo sapiens"
"M114.092T109.4","CHEBI:28579","C6H11NO","C1CCC(=O)NCC1","InChI=1S/C6H11NO/c8-6-4-2-1-3-5-7-6/h1-5H2,(H,7,8)","e-Caprolactam","M+H","NCBITAXON:http://purl.obolibrary.org/obo/NCBITaxon_9631","Homo sapiens"
"M114.128T123","CHEBI:75145","C8H17NO2","CCCCCCC(C(=O)O)N","InChI=1S/C8H17NO2/c1-2-3-4-5-6-7(9)8(10)11/h7H,2-6,9H2,1H3,(H,10,11)","DL-2-Aminooctanoic acid","Fragment","NCBITAXON:http://purl.obolibrary.org/obo/NCBITaxon_9632","Homo sapiens"
"M115.076T113.7","CHEBI:85235","C6H10O2","CCC1CCC(=O)O1","InChI=1S/C6H10O2/c1-2-5-3-4-6(7)8-5/h5H,2-4H2,1H3","Gamma-Caprolactone","M+H","NCBITAXON:http://purl.obolibrary.org/obo/NCBITaxon_9633","Homo sapiens"
"M116.071T33.6","CHEBI:17203","C5H9NO2","C1CC(NC1)C(=O)O","InChI=1S/C5H9NO2/c7-5(8)4-2-1-3-6-4/h4,6H,1-3H2,(H,7,8)/t4-/m0/s1","L-Proline","M+H","NCBITAXON:http://purl.obolibrary.org/obo/NCBITaxon_9634","Homo sapiens"
"M118.087T33.2","CHEBI:17750","C5H11NO2","C[N+](C)(C)CC(=O)[O-]","InChI=1S/C5H11NO2/c1-6(2,3)4-5(7)8/h4H2,1-3H3","Betaine","M+H","NCBITAXON:http://purl.obolibrary.org/obo/NCBITaxon_9635","Homo sapiens"
"M121.029T148.8","CHEBI:16914|CHEBI:15365","C7H6O3|C9H8O4","C1=CC=C(C(=C1)C(=O)O)O|CC(=O)Oc1ccccc1C(O)=O","InChI=1S/C7H6O3/c8-6-4-2-1-3-5(6)7(9)10/h1-4,8H,(H,9,10)|InChI=1S/C9H8O4/c1-6(10)13-8-5-3-2-4-7(8)9(11)12/h2-5H,1H3,(H,11,12)","Salicylic acid|Aspirin","M+H-H2O�","NCBITAXON:http://purl.obolibrary.org/obo/NCBITaxon_9636","Homo sapiens"
"M122.059T99.2","CHEBI:28946","C7H8N4O2","CN1C=NC2=C1C(=O)NC(=O)N2C","InChI=1S/C7H8N4O2/c1-10-3-8-5-4(10)6(12)9-7(13)11(5)2/h3H,1-2H3,(H,9,12,13)","Theobromine","M+H","NCBITAXON:http://purl.obolibrary.org/obo/NCBITaxon_9637","Homo sapiens"
"M132.077T32.7","CHEBI:16919","C4H9N3O2","CN(CC(=O)O)C(=N)N","InChI=1S/C4H9N3O2/c1-7(4(5)6)2-3(8)9/h2H2,1H3,(H3,5,6)(H,8,9)","Creatine","M+H","NCBITAXON:http://purl.obolibrary.org/obo/NCBITaxon_9638","Homo sapiens"
"M132.102T54.6","CHEBI:15603|CHEBI:18347","C6H13NO2","CC(C)CC(C(=O)O)N|CCCC[C@H](N)C(O)=O","InChI=1S/C6H13NO2/c1-4(2)3-5(7)6(8)9/h4-5H,3,7H2,1-2H3,(H,8,9)/t5-/m0/s1|InChI=1S/C6H13NO2/c1-2-3-4-5(7)6(8)9/h5H,2-4,7H2,1H3,(H,8,9)/t5-/m0/s1","L-Leucine|L-Norleucine","M+H","NCBITAXON:http://purl.obolibrary.org/obo/NCBITaxon_9639","Homo sapiens"
"M138.054T33.2","CHEBI:86390|CHEBI:18123","C7H7NO2","OC(=O)Cc1cccnc1|C[n+]1cccc(c1)C([O-])=O","InChI=1S/C7H7NO2/c9-7(10)4-6-2-1-3-8-5-6/h1-3,5H,4H2,(H,9,10)|InChI=1S/C7H7NO2/c1-8-4-2-3-6(5-8)7(9)10/h2-5H,1H3","3-Pyridylacetic acid|trigonelline","M+H","NCBITAXON:http://purl.obolibrary.org/obo/NCBITaxon_9640","Homo sapiens"
"M144.102T33.8","CHEBI:35280","C7H13NO2","C[N+]1(CCCC1C(=O)[O-])C","InChI=1S/C7H13NO2/c1-8(2)5-3-4-6(8)7(9)10/h6H,3-5H2,1-2H3/t6-/m0/s1","Stachydrine","M+H","NCBITAXON:http://purl.obolibrary.org/obo/NCBITaxon_9641","Homo sapiens"
"M152.071T98.8","CHEBI:46195","C8H9NO2","CC(=O)NC1=CC=C(C=C1)O","InChI=1S/C8H9NO2/c1-6(10)9-7-2-4-8(11)5-3-7/h2-5,11H,1H3,(H,9,10)","Acetaminophen","M+H","NCBITAXON:http://purl.obolibrary.org/obo/NCBITaxon_9642","Homo sapiens"
"M153.024T127.6","CHEBI:17308","C6H10O3","CCCCC(=O)C(=O)O","InChI=1S/C6H10O3/c1-2-3-4-5(7)6(8)9/h2-4H2,1H3,(H,8,9)","2-Ketohexanoic acid","M+Na","NCBITAXON:http://purl.obolibrary.org/obo/NCBITaxon_9643","Homo sapiens"
"M162.113T32.3","CHEBI:16347","C7H15NO3","C[N+](C)(C)CC(CC(=O)[O-])O","InChI=1S/C7H15NO3/c1-8(2,3)5-6(9)4-7(10)11/h6,9H,4-5H2,1-3H3/t6-/m1/s1","L-Carnitine","M+H","NCBITAXON:http://purl.obolibrary.org/obo/NCBITaxon_9644","Homo sapiens"
"M166.087T121.7","CHEBI:17295","C9H11NO2","C1=CC=C(C=C1)CC(C(=O)O)N","InChI=1S/C9H11NO2/c10-8(9(11)12)6-7-4-2-1-3-5-7/h1-5,8H,6,10H2,(H,11,12)/t8-/m0/s1","L-Phenylalanine","M+H","NCBITAXON:http://purl.obolibrary.org/obo/NCBITaxon_9645","Homo sapiens"
"M169.036T34.4","CHEBI:17775","C5H4N4O3","C12=C(NC(=O)N1)NC(=O)NC2=O","InChI=1S/C5H4N4O3/c10-3-1-2(7-4(11)6-1)8-5(12)9-3/h(H4,6,7,8,9,10,11,12)","Uric acid","M+H","NCBITAXON:http://purl.obolibrary.org/obo/NCBITaxon_9646","Homo sapiens"
"M176.071T137.9","CHEBI:16411","C10H9NO2","C1=CC=C2C(=C1)C(=CN2)CC(=O)O","InChI=1S/C10H9NO2/c12-10(13)5-7-6-11-9-4-2-1-3-8(7)9/h1-4,6,11H,5H2,(H,12,13)","Indoleacetic acid","M+H","NCBITAXON:http://purl.obolibrary.org/obo/NCBITaxon_9647","Homo sapiens"
"M181.073T104.6","CHEBI:25858|CHEBI:28177","C7H8N4O2","Cn1cnc2[nH]c(=O)n(C)c(=O)c12|Cn1c2nc[nH]c2c(=O)n(C)c1=O","InChI=1S/C7H8N4O2/c1-10-3-8-5-4(10)6(12)11(2)7(13)9-5/h3H,1-2H3,(H,9,13)|InChI=1S/C7H8N4O2/c1-10-5-4(8-3-9-5)6(12)11(2)7(10)13/h3H,1-2H3,(H,8,9)","Paraxanthine|Theophylline","M+H","NCBITAXON:http://purl.obolibrary.org/obo/NCBITaxon_9648","Homo sapiens"
"M182.082T45.8","CHEBI:17895|CHEBI:89461","C9H11NO3","C1=CC(=CC=C1CC(C(=O)O)N)O|OC=1C(CC(N)C(O)=O)=CC=CC1","InChI=1S/C9H11NO3/c10-8(9(12)13)5-6-1-3-7(11)4-2-6/h1-4,8,11H,5,10H2,(H,12,13)/t8-/m0/s1|InChI=1S/C9H11NO3/c10-7(9(12)13)5-6-3-1-2-4-8(6)11/h1-4,7,11H,5,10H2,(H,12,13)","L-Tyrosine|o-Tyrosine","M+H","NCBITAXON:http://purl.obolibrary.org/obo/NCBITaxon_9649","Homo sapiens"
"M188.071T101.1","CHEBI:16828","C11H12N2O2","C1=CC=C2C(=C1)C(=CN2)CC(C(=O)O)N","InChI=1S/C11H12N2O2/c12-9(11(14)15)5-7-6-13-10-4-2-1-3-8(7)10/h1-4,6,9,13H,5,12H2,(H,14,15)/t9-/m0/s1","L-Tryptophan","Fragment","NCBITAXON:http://purl.obolibrary.org/obo/NCBITaxon_9650","Homo sapiens"
"M190.087T154.3","CHEBI:43580","C11H11NO2","C1=CC=C2C(=C1)C(=CN2)CCC(=O)O","InChI=1S/C11H11NO2/c13-11(14)6-5-8-7-12-10-4-2-1-3-9(8)10/h1-4,7,12H,5-6H2,(H,13,14)","3-Indolepropionic acid","M+H","NCBITAXON:http://purl.obolibrary.org/obo/NCBITaxon_9651","Homo sapiens"
"M193.086T162","CHEBI:691622","C8H10N4O3","CN1C2=C(NC1=O)N(C(=O)N(C2=O)C)C","InChI=1S/C8H10N4O3/c1-10-4-5(9-7(10)14)11(2)8(15)12(3)6(4)13/h1-3H3,(H,9,14)","1,3,7-Trimethyluric acid","M+H","NCBITAXON:http://purl.obolibrary.org/obo/NCBITaxon_9652","Homo sapiens"
"M195.088T114","CHEBI:27732","C8H10N4O2","CN1C=NC2=C1C(=O)N(C(=O)N2C)C","InChI=1S/C8H10N4O2/c1-10-4-9-6-5(10)7(13)12(3)8(14)11(6)2/h4H,1-3H3","Caffeine","M+H","NCBITAXON:http://purl.obolibrary.org/obo/NCBITaxon_9653","Homo sapiens"
"M202.048T114.2","CHEBI:18089","C9H9NO3","C1=CC=C(C=C1)C(=O)NCC(=O)O","InChI=1S/C9H9NO3/c11-8(12)6-10-9(13)7-4-2-1-3-5-7/h1-5H,6H2,(H,10,13)(H,11,12)","Hippuric acid","M+H","NCBITAXON:http://purl.obolibrary.org/obo/NCBITaxon_9654","Homo sapiens"
"M204.124T34.4","CHEBI:57589","C9H17NO4","CC(=O)OC(CC(=O)[O-])C[N+](C)(C)C","InChI=1S/C9H17NO4/c1-7(11)14-8(5-9(12)13)6-10(2,3)4/h8H,5-6H2,1-4H3/t8-/m1/s1","L-Acetylcarnitine","M+H","NCBITAXON:http://purl.obolibrary.org/obo/NCBITaxon_9655","Homo sapiens"
"M206.082T129.5","CHEBI:24813","C11H11NO3","C1=CC=C2C(=C1)C(=CN2)CC(C(=O)O)O","InChI=1S/C11H11NO3/c13-10(11(14)15)5-7-6-12-9-4-2-1-3-8(7)9/h1-4,6,10,12-13H,5H2,(H,14,15)","Indolelactic acid","M+H","NCBITAXON:http://purl.obolibrary.org/obo/NCBITaxon_9656","Homo sapiens"
"M220.118T101.1","CHEBI:7916","C9H17NO5","CC(C)(CO)C(C(=O)NCCC(=O)O)O","InChI=1S/C9H17NO5/c1-9(2,5-11)7(14)8(15)10-4-3-6(12)13/h7,11,14H,3-5H2,1-2H3,(H,10,15)(H,12,13)","Pantothenic acid","M+H","NCBITAXON:http://purl.obolibrary.org/obo/NCBITaxon_9657","Homo sapiens"
"M223.064T223.7","CHEBI:42491","C15H10O2","C1=CC=C(C=C1)C2=CC(=O)C3=CC=CC=C3O2","InChI=1S/C15H10O2/c16-13-10-15(11-6-2-1-3-7-11)17-14-9-5-4-8-12(13)14/h1-10H","Flavone","M+H","NCBITAXON:http://purl.obolibrary.org/obo/NCBITaxon_9658","Homo sapiens"
"M239.09T129.6","CHEBI:85239","C8H8O3","Cc1cc(ccc1O)C(O)=O","InChI=1S/C8H8O3/c1-5-4-6(8(10)11)2-3-7(5)9/h2-4,9H,1H3,(H,10,11)","4-Hydroxy-3-methylbenzoic acid","Fragment","NCBITAXON:http://purl.obolibrary.org/obo/NCBITaxon_9659","Homo sapiens"
"M239.165T282.4","CHEBI:85255","C14H22O3","CC(=O)CC(=O)OC\C=C(/C)CCC=C(C)C","InChI=1S/C14H22O3/c1-11(2)6-5-7-12(3)8-9-17-14(16)10-13(4)15/h6,8H,5,7,9-10H2,1-4H3/b12-8+","Geranyl acetoacetate","M+H","NCBITAXON:http://purl.obolibrary.org/obo/NCBITaxon_9660","Homo sapiens"
"M253.141T217.8","CHEBI:4676","C12H22O4","C(CCCCCC(=O)O)CCCCC(=O)O","InChI=1S/C12H22O4/c13-11(14)9-7-5-3-1-2-4-6-8-10-12(15)16/h1-10H2,(H,13,14)(H,15,16)","Dodecanedioic acid","M+H","NCBITAXON:http://purl.obolibrary.org/obo/NCBITaxon_9661","Homo sapiens"
"M260.186T116.3","CHEBI:8499","C16H21NO2","CC(C)NCC(O)COc1cccc2ccccc12","InChI=1S/C16H21NO2/c1-12(2)17-10-14(18)11-19-16-9-5-7-13-6-3-4-8-15(13)16/h3-9,12,14,17-18H,10-11H2,1-2H3","Propranolol","M+H","NCBITAXON:http://purl.obolibrary.org/obo/NCBITaxon_9662","Homo sapiens"
"M261.143T111.8","CHEBI:68433","C11H20N2O5","CC(C)CC(C(=O)O)NC(=O)CCC(C(=O)O)N","InChI=1S/C11H20N2O5/c1-6(2)5-8(11(17)18)13-9(14)4-3-7(12)10(15)16/h6-8H,3-5,12H2,1-2H3,(H,13,14)(H,15,16)(H,17,18)/t7-,8-/m0/s1","gamma-Glutamyl-leucine","M+H","NCBITAXON:http://purl.obolibrary.org/obo/NCBITaxon_9663","Homo sapiens"
"M267.164T375.5","CHEBI:28875","C14H28O2","CCCCCCCCCCCCCC(=O)O","InChI=1S/C14H28O2/c1-2-3-4-5-6-7-8-9-10-11-12-13-14(15)16/h2-13H2,1H3,(H,15,16)","Myristic acid","M+K","NCBITAXON:http://purl.obolibrary.org/obo/NCBITaxon_9664","Homo sapiens"
"M279.232T385.3","CHEBI:27432","C18H30O2","CCC=CCC=CCC=CCCCCCCCC(=O)O","InChI=1S/C18H30O2/c1-2-3-4-5-6-7-8-9-10-11-12-13-14-15-16-17-18(19)20/h3-4,6-7,9-10H,2,5,8,11-17H2,1H3,(H,19,20)/b4-3-,7-6-,10-9-","Alpha-Linolenic acid","M+H","NCBITAXON:http://purl.obolibrary.org/obo/NCBITaxon_9665","Homo sapiens"
"M281.113T104.1","CHEBI:73830","C13H16N2O5","C1=CC=C(C=C1)CC(C(=O)O)NC(=O)C(CC(=O)O)N","InChI=1S/C13H16N2O5/c14-9(7-11(16)17)12(18)15-10(13(19)20)6-8-4-2-1-3-5-8/h1-5,9-10H,6-7,14H2,(H,15,18)(H,16,17)(H,19,20)/t9-,10-/m0/s1","L-Aspartyl-L-phenylalanine","M+H","NCBITAXON:http://purl.obolibrary.org/obo/NCBITaxon_9666","Homo sapiens"
"M281.179T406.9","CHEBI:42504","C15H30O2","CCCCCCCCCCCCCCC(=O)O","InChI=1S/C15H30O2/c1-2-3-4-5-6-7-8-9-10-11-12-13-14-15(16)17/h2-14H2,1H3,(H,16,17)","Pentadecanoic acid","M+K","NCBITAXON:http://purl.obolibrary.org/obo/NCBITaxon_9667","Homo sapiens"
"M282.28T241","CHEBI:46964","C18H37NO2","CCCCCCCCCCCCCC=CC(C(CO)N)O","InChI=1S/C18H37NO2/c1-2-3-4-5-6-7-8-9-10-11-12-13-14-15-18(21)17(19)16-20/h14-15,17-18,20-21H,2-13,16,19H2,1H3/b15-14+","D-erythro-sphingosine","M+H-H2O","NCBITAXON:http://purl.obolibrary.org/obo/NCBITaxon_9668","Homo sapiens"
"M282.28T406.4","CHEBI:116314","C18H35NO","CCCCCCCCC=CCCCCCCCC(=O)N","InChI=1S/C18H35NO/c1-2-3-4-5-6-7-8-9-10-11-12-13-14-15-16-17-18(19)20/h9-10H,2-8,11-17H2,1H3,(H2,19,20)/b10-9-","Oleamide","M+H","NCBITAXON:http://purl.obolibrary.org/obo/NCBITaxon_9669","Homo sapiens"
"M286.144T220.5","CHEBI:28821","C17H19NO3","C1CCN(CC1)C(=O)C=CC=CC2=CC3=C(C=C2)OCO3","InChI=1S/C17H19NO3/c19-17(18-10-4-1-5-11-18)7-3-2-6-14-8-9-15-16(12-14)21-13-20-15/h2-3,6-9,12H,1,4-5,10-11,13H2/b6-2+,7-3+","Piperine","M+H","NCBITAXON:http://purl.obolibrary.org/obo/NCBITaxon_9670","Homo sapiens"
"M288.217T146.8","CHEBI:18102","C15H29NO4","CCCCCCCC(=O)OC(CC(=O)[O-])C[N+](C)(C)C","InChI=1S/C15H29NO4/c1-5-6-7-8-9-10-15(19)20-13(11-14(17)18)12-16(2,3)4/h13H,5-12H2,1-4H3/t13-/m1/s1","L-Octanoylcarnitine","M+H","NCBITAXON:http://purl.obolibrary.org/obo/NCBITaxon_9671","Homo sapiens"
"M293.179T394.7","CHEBI:28716","C16H30O2","CCCCCCC=CCCCCCCCC(=O)O","InChI=1S/C16H30O2/c1-2-3-4-5-6-7-8-9-10-11-12-13-14-15-16(17)18/h7-8H,2-6,9-15H2,1H3,(H,17,18)/b8-7-","Palmitoleic acid","M+K","NCBITAXON:http://purl.obolibrary.org/obo/NCBITaxon_9672","Homo sapiens"
"M302.233T157.5","CHEBI:84095","C16H31NO4","CC(C)CCCC(C)C(=O)OC(CC(=O)[O-])C[N+](C)(C)C","InChI=1S/C16H31NO4/c1-12(2)8-7-9-13(3)16(20)21-14(10-15(18)19)11-17(4,5)6/h12-14H,7-11H2,1-6H3","2,6 dimethylheptanoyl carnitine","M+H","NCBITAXON:http://purl.obolibrary.org/obo/NCBITaxon_9673","Homo sapiens"
"M303.196T166.4","CHEBI:27967|CHEBI:27967","C19H26O3","[H][C@@]12CCC3=CC(=O)CC[C@]3(C)[C@@]1([H])[C@@H](O)C[C@]1(C)C(=O)CC[C@@]21[H]|[H][C@@]12CCC3=CC(=O)CC[C@]3(C)[C@@]1([H])[C@@H](O)C[C@]1(C)C(=O)CC[C@@]21[H]","InChI=1S/C19H26O3/c1-18-8-7-12(20)9-11(18)3-4-13-14-5-6-16(22)19(14,2)10-15(21)17(13)18/h9,13-15,17,21H,3-8,10H2,1-2H3/t13-,14-,15-,17+,18-,19-/m0/s1|InChI=1S/C19H26O3/c1-18-8-7-12(20)9-11(18)3-4-13-14-5-6-16(22)19(14,2)10-15(21)17(13)18/h9,13-15,17,21H,3-8,10H2,1-2H3/t13-,14-,15-,17+,18-,19-/m0/s1","4-Androsten-11Beta-ol-3,17-dione|11β-Hydroxy-4-androstene-3,17-dione","M+H","NCBITAXON:http://purl.obolibrary.org/obo/NCBITaxon_9674","Homo sapiens"
"M305.248T417.9","CHEBI:15843","C20H32O2","CCCCCC=CCC=CCC=CCC=CCCCC(=O)O","InChI=1S/C20H32O2/c1-2-3-4-5-6-7-8-9-10-11-12-13-14-15-16-17-18-19-20(21)22/h6-7,9-10,12-13,15-16H,2-5,8,11,14,17-19H2,1H3,(H,21,22)/b7-6-,10-9-,13-12-,16-15-","Arachidonic acid","M+H","NCBITAXON:http://purl.obolibrary.org/obo/NCBITaxon_9675","Homo sapiens"
"M309.211T467.8","CHEBI:32365","C17H34O2","CCCCCCCCCCCCCCCCC(=O)O","InChI=1S/C17H34O2/c1-2-3-4-5-6-7-8-9-10-11-12-13-14-15-16-17(18)19/h2-16H2,1H3,(H,18,19)","Heptadecanoic aicd","M+K","NCBITAXON:http://purl.obolibrary.org/obo/NCBITaxon_9676","Homo sapiens"
"M313.155T121.1","CHEBI:72723","C18H20N2O3","N[C@@H](Cc1ccccc1)C(=O)N[C@@H](Cc1ccccc1)C(O)=O","InChI=1S/C18H20N2O3/c19-15(11-13-7-3-1-4-8-13)17(21)20-16(18(22)23)12-14-9-5-2-6-10-14/h1-10,15-16H,11-12,19H2,(H,20,21)(H,22,23)/t15-,16-/m0/s1","Phenylalanylphenylalanine","M+H","NCBITAXON:http://purl.obolibrary.org/obo/NCBITaxon_9677","Homo sapiens"
"M316.249T182.2","CHEBI:28717","C17H33NO4","CCCCCCCCCC(=O)O[C@H](CC([O-])=O)C[N+](C)(C)C","InChI=1S/C17H33NO4/c1-5-6-7-8-9-10-11-12-17(21)22-15(13-16(19)20)14-18(2,3)4/h15H,5-14H2,1-4H3/t15-/m1/s1","Decanoyl-L-carnitine","M+H","NCBITAXON:http://purl.obolibrary.org/obo/NCBITaxon_9678","Homo sapiens"
"M317.248T433.3","CHEBI:91031","C21H32O2",NA,NA,"Fatty acid C20:5 methyl ester","M+H","NCBITAXON:http://purl.obolibrary.org/obo/NCBITaxon_9679","Homo sapiens"
"M319.195T417.1","CHEBI:17351","C18H32O2","CCCCCC=CCC=CCCCCCCCC(=O)O","InChI=1S/C18H32O2/c1-2-3-4-5-6-7-8-9-10-11-12-13-14-15-16-17-18(19)20/h6-7,9-10H,2-5,8,11-17H2,1H3,(H,19,20)/b7-6-,10-9-","Linoleic acid","M+K","NCBITAXON:http://purl.obolibrary.org/obo/NCBITaxon_9680","Homo sapiens"
"M319.264T464.9","CHEBI:78033","C21H34O2","CCCCCC=CCC=CCC=CCC=CCCCC(=O)OC","InChI=1S/C21H34O2/c1-3-4-5-6-7-8-9-10-11-12-13-14-15-16-17-18-19-20-21(22)23-2/h7-8,10-11,13-14,16-17H,3-6,9,12,15,18-20H2,1-2H3/b8-7-,11-10-,14-13-,17-16-","Arachidonic acid methyl ester","M+H","NCBITAXON:http://purl.obolibrary.org/obo/NCBITaxon_9681","Homo sapiens"
"M325.235T343.6","CHEBI:87249","C17H34O4","[*]OCC(CO[*])O[*]",NA,"Monoacylglycerol(14:0)","M+Na","NCBITAXON:http://purl.obolibrary.org/obo/NCBITaxon_9682","Homo sapiens"
"M328.249T182.9","CHEBI:86285|CHEBI:86329","C18H33NO4","CCCCCCCC\C(=C/CCCCCCCC(O)=O)[N+]([O-])=O|CCCCCCCC\C=C(/CCCCCCCC(O)=O)[N+]([O-])=O","InChI=1S/C18H33NO4/c1-2-3-4-5-8-11-14-17(19(22)23)15-12-9-6-7-10-13-16-18(20)21/h15H,2-14,16H2,1H3,(H,20,21)/b17-15+|InChI=1S/C18H33NO4/c1-2-3-4-5-6-8-11-14-17(19(22)23)15-12-9-7-10-13-16-18(20)21/h14H,2-13,15-16H2,1H3,(H,20,21)/b17-14+","10-nitro-9E-octadecenoic acid|9-nitro-9E-octadecenoic acid","M+H","NCBITAXON:http://purl.obolibrary.org/obo/NCBITaxon_9683","Homo sapiens"
"M329.248T416.7","CHEBI:36005","C22H32O2",NA,NA,"Fatty acid C22:6","M+H","NCBITAXON:http://purl.obolibrary.org/obo/NCBITaxon_9684","Homo sapiens"
"M333.279T464.3","CHEBI:84873","C22H36O2","CCCCC\C=C/C\C=C/C\C=C/C\C=C/CCCC(=O)OCC","InChI=1S/C22H36O2/c1-3-5-6-7-8-9-10-11-12-13-14-15-16-17-18-19-20-21-22(23)24-4-2/h8-9,11-12,14-15,17-18H,3-7,10,13,16,19-21H2,1-2H3/b9-8-,12-11-,15-14-,18-17-","Arachidonic acid ethyl ester","M+H","NCBITAXON:http://purl.obolibrary.org/obo/NCBITaxon_9685","Homo sapiens"
"M341.305T464.4","CHEBI:87255","C21H42O4","[*]OCC(CO[*])O[*]",NA,"Monoacylglycerol(18:0)","M+H-H2O�","NCBITAXON:http://purl.obolibrary.org/obo/NCBITaxon_9686","Homo sapiens"
"M344.28T211.4","CHEBI:73054","C19H37NO4","CCCCCCCCCCCC(=O)OC(CC([O-])=O)C[N+](C)(C)C","InChI=1S/C19H37NO4/c1-5-6-7-8-9-10-11-12-13-14-19(23)24-17(15-18(21)22)16-20(2,3)4/h17H,5-16H2,1-4H3","C12 Carnitine","M+H","NCBITAXON:http://purl.obolibrary.org/obo/NCBITaxon_9687","Homo sapiens"
"M347.222T188.9","CHEBI:16827","C21H30O4","CC12CCC(=O)C=C1CCC3C2C(CC4(C3CCC4C(=O)CO)C)O","InChI=1S/C21H30O4/c1-20-8-7-13(23)9-12(20)3-4-14-15-5-6-16(18(25)11-22)21(15,2)10-17(24)19(14)20/h9,14-17,19,22,24H,3-8,10-11H2,1-2H3/t14-,15-,16+,17-,19+,20-,21-/m0/s1","Corticosterone","M+H","NCBITAXON:http://purl.obolibrary.org/obo/NCBITaxon_9688","Homo sapiens"
"M351.25T362","CHEBI:87253","C19H36O4","[*]OCC(CO[*])O[*]",NA,"Monoacylglycerol(16:1)","M+Na","NCBITAXON:http://purl.obolibrary.org/obo/NCBITaxon_9689","Homo sapiens"
"M353.266T405.9","CHEBI:87251","C19H38O4","[*]OCC(CO[*])O[*]",NA,"Monoacylglycerol(16:0)","M+Na","NCBITAXON:http://purl.obolibrary.org/obo/NCBITaxon_9690","Homo sapiens"
"M355.264T272.8","CHEBI:50861","C23H34O5","CCCCCC(CCC1C(CC2C1CC3=C(C2)C(=CC=C3)OCC(=O)O)O)O","InChI=1S/C23H34O5/c1-2-3-4-7-17(24)9-10-18-19-11-15-6-5-8-22(28-14-23(26)27)20(15)12-16(19)13-21(18)25/h5-6,8,16-19,21,24-25H,2-4,7,9-14H2,1H3,(H,26,27)/t16-,17-,18+,19-,21+/m0/s1","Treprostinil","M+H-2H2O","NCBITAXON:http://purl.obolibrary.org/obo/NCBITaxon_9691","Homo sapiens"
"M357.204T198.7","CHEBI:27485","C20H30O4","CCCCCC(C=CC1C(C=CC1=O)CC=CCCCC(=O)O)O","InChI=1S/C20H30O4/c1-2-3-6-10-17(21)13-14-18-16(12-15-19(18)22)9-7-4-5-8-11-20(23)24/h4,7,12-18,21H,2-3,5-6,8-11H2,1H3,(H,23,24)/b7-4-,14-13+/t16-,17-,18+/m0/s1","Prostaglandin J2","M+Na","NCBITAXON:http://purl.obolibrary.org/obo/NCBITaxon_9692","Homo sapiens"
"M357.279T275","CHEBI:52023","C24H40O4","[H][C@@]1(CC[C@@]2([H])[C@]3([H])C[C@H](O)[C@]4([H])C[C@H](O)CC[C@]4(C)[C@@]3([H])CC[C@]12C)[C@H](C)CCC(O)=O","InChI=1S/C24H40O4/c1-14(4-7-22(27)28)17-5-6-18-16-13-21(26)20-12-15(25)8-10-24(20,3)19(16)9-11-23(17,18)2/h14-21,25-26H,4-13H2,1-3H3,(H,27,28)/t14-,15-,16+,17-,18+,19+,20+,21+,23-,24-/m1/s1","Hyodeoxycholic acid","M+H","NCBITAXON:http://purl.obolibrary.org/obo/NCBITaxon_9693","Homo sapiens"
"M357.279T318.7","CHEBI:28834","C24H40O4","CC(CCC(=O)O)C1CCC2C1(C(CC3C2CCC4C3(CCC(C4)O)C)O)C","InChI=1S/C24H40O4/c1-14(4-9-22(27)28)18-7-8-19-17-6-5-15-12-16(25)10-11-23(15,2)20(17)13-21(26)24(18,19)3/h14-21,25-26H,4-13H2,1-3H3,(H,27,28)/t14-,15-,16-,17+,18-,19+,20+,21+,23+,24-/m1/s1","Deoxycholic acid","M+H-2H2O�","NCBITAXON:http://purl.obolibrary.org/obo/NCBITaxon_9694","Homo sapiens"
"M363.217T180.5","CHEBI:17650","C21H30O5","CC12CCC(=O)C=C1CCC3C2C(CC4(C3CCC4(C(=O)CO)O)C)O","InChI=1S/C21H30O5/c1-19-7-5-13(23)9-12(19)3-4-14-15-6-8-21(26,17(25)11-22)20(15,2)10-16(24)18(14)19/h9,14-16,18,22,24,26H,3-8,10-11H2,1-2H3/t14-,15-,16-,18+,19-,20-,21-/m0/s1","Cortisol","M+H","NCBITAXON:http://purl.obolibrary.org/obo/NCBITaxon_9695","Homo sapiens"
"M369.352T571","CHEBI:132328|CHEBI:16113","C27H48O2|C27H46O","[C@]12([C@](CC[C@]3([C@]1(CC[C@@]3([C@](CCCC(C)C)([H])C)[H])[H])C)([C@@]4([C@@](C(C2)O)(CC(CC4)O)[H])C)[H])[H]|[H][C@@]1(CC[C@@]2([H])[C@]3([H])CC=C4C[C@@H](O)CC[C@]4(C)[C@@]3([H])CC[C@]12C)[C@H](C)CCCC(C)C","InChI=1S/C27H48O2/c1-17(2)7-6-8-18(3)21-9-10-22-20-16-25(29)24-15-19(28)11-13-27(24,5)23(20)12-14-26(21,22)4/h17-25,28-29H,6-16H2,1-5H3/t18-,19?,20+,21-,22+,23+,24-,25?,26-,27-/m1/s1|InChI=1S/C27H46O/c1-18(2)7-6-8-19(3)23-11-12-24-22-10-9-20-17-21(28)13-15-26(20,4)25(22)14-16-27(23,24)5/h9,18-19,21-25,28H,6-8,10-17H2,1-5H3/t19-,21+,22+,23-,24+,25+,26+,27-/m1/s1","6-hydroxy-5-cholestanol|cholesterol","M+H-2H2O","NCBITAXON:http://purl.obolibrary.org/obo/NCBITaxon_9696","Homo sapiens"
"M370.296T226.1","CHEBI:73060","C21H39NO4","CCCCCCCCC=CCCCC(=O)OC(CC(=O)[O-])C[N+](C)(C)C","InChI=1S/C21H39NO4/c1-5-6-7-8-9-10-11-12-13-14-15-16-21(25)26-19(17-20(23)24)18-22(2,3)4/h12-13,19H,5-11,14-18H2,1-4H3/b13-12-","cis-5-Tetradecenoylcarnitine","M+H","NCBITAXON:http://purl.obolibrary.org/obo/NCBITaxon_9697","Homo sapiens"
"M377.267T388.2","CHEBI:87257","C21H38O4","[*]OCC(CO[*])O[*]",NA,"Monoacylglycerol(18:2)","M+Na","NCBITAXON:http://purl.obolibrary.org/obo/NCBITaxon_9698","Homo sapiens"
"M379.282T422.1","CHEBI:87256","C21H40O4","[*]OCC(CO[*])O[*]",NA,"Monoacylglycerol(18:1)","M+Na","NCBITAXON:http://purl.obolibrary.org/obo/NCBITaxon_9699","Homo sapiens"
"M380.225T495.2","CHEBI:28842","C18H36O2","CCCCCCCCCCCCCCCCCC(=O)O","InChI=1S/C18H36O2/c1-2-3-4-5-6-7-8-9-10-11-12-13-14-15-16-17-18(19)20/h2-17H2,1H3,(H,19,20)","Stearic acid","Fragment","NCBITAXON:http://purl.obolibrary.org/obo/NCBITaxon_9700","Homo sapiens"
"M399.251T357.7","CHEBI:86397","C23H36O4","[*]OCC(CO[*])O[*]",NA,"Monoacylglycerol(20:5)","M+Na","NCBITAXON:http://purl.obolibrary.org/obo/NCBITaxon_9701","Homo sapiens"
"M400.343T261.6","CHEBI:73067","C23H45NO4","CCCCCCCCCCCCCCCC(=O)OC(CC(=O)[O-])C[N+](C)(C)C","InChI=1S/C23H45NO4/c1-5-6-7-8-9-10-11-12-13-14-15-16-17-18-23(27)28-21(19-22(25)26)20-24(2,3)4/h21H,5-20H2,1-4H3/t21-/m1/s1","C16 Carnitine","M+H","NCBITAXON:http://purl.obolibrary.org/obo/NCBITaxon_9702","Homo sapiens"
"M401.342T469.8","CHEBI:64294","C27H44O2","CC(C)CCCC(C)C1CCC2C1(CCC3C2C(=O)C=C4C3(CCC(C4)O)C)C","InChI=1S/C27H44O2/c1-17(2)7-6-8-18(3)21-9-10-22-25-23(12-14-27(21,22)5)26(4)13-11-20(28)15-19(26)16-24(25)29/h16-18,20-23,25,28H,6-15H2,1-5H3/t18-,20+,21-,22+,23+,25+,26+,27-/m1/s1","7-Ketocholesterol","M+H","NCBITAXON:http://purl.obolibrary.org/obo/NCBITaxon_9703","Homo sapiens"
"M409.162T209.9","CHEBI:87820|CHEBI:87821","C23H30O5","O[C@H]1[C@H](/C=C/[C@@H](O)CCC2=CC=CC=C2)[C@@H](C/C=C\CCCC(O)=O)C(C1)=O|O[C@@H]1[C@H](C/C=C\CCCC(O)=O)[C@@H](/C=C/[C@@H](O)CCC2=CC=CC=C2)C(C1)=O","InChI=1S/C23H30O5/c24-18(13-12-17-8-4-3-5-9-17)14-15-20-19(21(25)16-22(20)26)10-6-1-2-7-11-23(27)28/h1,3-6,8-9,14-15,18-20,22,24,26H,2,7,10-13,16H2,(H,27,28)/b6-1-,15-14+/t18-,19+,20+,22+/m0/s1| InChI=1S/C23H30O5/c24-18(13-12-17-8-4-3-5-9-17)14-15-20-19(21(25)16-22(20)26)10-6-1-2-7-11-23(27)28/h1,3-6,8-9,14-15,18-21,24-25H,2,7,10-13,16H2,(H,27,28)/b6-1-,15-14+/t18-,19+,20+,21-/m0/s1","17-phenyl trinor Prostaglandin E2|17-phenyl trinor Prostaglandin D2","M+H","NCBITAXON:http://purl.obolibrary.org/obo/NCBITaxon_9704","Homo sapiens"
"M414.3T285.6","CHEBI:27471","C26H43NO5","C[C@H](CCC(=O)NCC(O)=O)[C@H]1CC[C@H]2[C@@H]3CC[C@@H]4C[C@H](O)CC[C@]4(C)[C@H]3C[C@H](O)[C@]12C","InChI=1S/C26H43NO5/c1-15(4-9-23(30)27-14-24(31)32)19-7-8-20-18-6-5-16-12-17(28)10-11-25(16,2)21(18)13-22(29)26(19,20)3/h15-22,28-29H,4-14H2,1-3H3,(H,27,30)(H,31,32)/t15-,16-,17-,18+,19-,20+,21+,22+,25+,26-/m1/s1","Deoxycholic acid glycine conjugate","M+H-2H2O","NCBITAXON:http://purl.obolibrary.org/obo/NCBITaxon_9705","Homo sapiens"
"M414.301T276.1","CHEBI:87818","C26H42NNaO5","C1[C@@]2([C@]3(CC[C@]4([C@]([C@@]3([C@@H](C[C@@]2(C[C@@H](C1)O)[H])O)[H])(CC[C@@]4([C@@H](CCC(NCC([O-])=O)=O)C)[H])[H])C)[H])C.[Na+]","InChI=1S/C26H43NO5.Na/c1-15(4-7-22(30)27-14-23(31)32)18-5-6-19-24-20(9-11-26(18,19)3)25(2)10-8-17(28)12-16(25)13-21(24)29;/h15-21,24,28-29H,4-14H2,1-3H3,(H,27,30)(H,31,32);/q;+1/p-1/t15-,16+,17-,18-,19+,20+,21-,24+,25+,26-;/m1./s1","sodium glycochenodeoxycholate","M+H-2H2O","NCBITAXON:http://purl.obolibrary.org/obo/NCBITaxon_9706","Homo sapiens"
"M415.282T320.1","CHEBI:16755","C24H40O4","CC(CCC(=O)O)C1CCC2C1(CCC3C2C(CC4C3(CCC(C4)O)C)O)C","InChI=1S/C24H40O4/c1-14(4-7-21(27)28)17-5-6-18-22-19(9-11-24(17,18)3)23(2)10-8-16(25)12-15(23)13-20(22)26/h14-20,22,25-26H,4-13H2,1-3H3,(H,27,28)/t14-,15+,16-,17-,18+,19+,20-,22+,23+,24-/m1/s1","Chenodeoxycholic acid","M+H","NCBITAXON:http://purl.obolibrary.org/obo/NCBITaxon_9707","Homo sapiens"
"M417.24T423.9","CHEBI:1879","C8H10O2","C1=CC(=CC=C1CCO)O","InChI=1S/C8H10O2/c9-6-5-7-1-3-8(10)4-2-7/h1-4,9-10H,5-6H2","2-(4-hydroxyphenyl)ethanol","M+H","NCBITAXON:http://purl.obolibrary.org/obo/NCBITaxon_9708","Homo sapiens"
"M424.343T254","CHEBI:73072","C25H45NO4","CCCCC\C=C/C\C=C/CCCCCCCC(=O)OC(CC([O-])=O)C[N+](C)(C)C","InChI=1S/C25H45NO4/c1-5-6-7-8-9-10-11-12-13-14-15-16-17-18-19-20-25(29)30-23(21-24(27)28)22-26(2,3)4/h9-10,12-13,23H,5-8,11,14-22H2,1-4H3/b10-9-,13-12-","Linoleyl carnitine","M+H","NCBITAXON:http://purl.obolibrary.org/obo/NCBITaxon_9709","Homo sapiens"
"M426.358T271.1","CHEBI:91318","C25H48ClNO4","[C@H](OC(CCCCCCC/C=C\CCCCCCCC)=O)(C[N+](C)(C)C)CC(=O)O.[Cl-]","InChI=1S/C25H47NO4.ClH/c1-5-6-7-8-9-10-11-12-13-14-15-16-17-18-19-20-25(29)30-23(21-24(27)28)22-26(2,3)4;/h12-13,23H,5-11,14-22H2,1-4H3;1H/b13-12-;/t23-;/m1./s1","Oleoyl-L-carnitine hydrochloride","M+H","NCBITAXON:http://purl.obolibrary.org/obo/NCBITaxon_9710","Homo sapiens"
"M430.296T247.9","CHEBI:17687","C26H43NO6","CC(CCC(=O)NCC(=O)O)C1CCC2C1(C(CC3C2C(CC4C3(CCC(C4)O)C)O)O)C","InChI=1S/C26H43NO6/c1-14(4-7-22(31)27-13-23(32)33)17-5-6-18-24-19(12-21(30)26(17,18)3)25(2)9-8-16(28)10-15(25)11-20(24)29/h14-21,24,28-30H,4-13H2,1-3H3,(H,27,31)(H,32,33)/t14-,15+,16-,17-,18+,19+,20-,21+,24+,25+,26-/m1/s1","Glycocholic acid","M+H-2H2O, M+H","NCBITAXON:http://purl.obolibrary.org/obo/NCBITaxon_9711","Homo sapiens"
"M430.38T609.2","CHEBI:22470","C29H50O2",NA,NA,"Alpha-Tocopherol","M+H","NCBITAXON:http://purl.obolibrary.org/obo/NCBITaxon_9712","Homo sapiens"
"M431.277T273","CHEBI:81298","C24H40O5","CC(CCC(=O)O)C1CCC2C1(CCC3C2C(C(C4C3(CCC(C4)O)C)O)O)C","InChI=1S/C24H40O5/c1-13(4-7-19(26)27)15-5-6-16-20-17(9-11-23(15,16)2)24(3)10-8-14(25)12-18(24)21(28)22(20)29/h13-18,20-22,25,28-29H,4-12H2,1-3H3,(H,26,27)/t13-,14-,15-,16+,17+,18+,20+,21+,22-,23-,24-/m1/s1","3a,6b,7b-Trihydroxy-5b-cholanoic acid","M+Na","NCBITAXON:http://purl.obolibrary.org/obo/NCBITaxon_9713","Homo sapiens"
"M431.316T323.6","CHEBI:86509","C27H44O4","C[C@H](CO)CCC(=O)[C@@H](C)[C@H]1C(=O)C[C@H]2[C@@H]3CCC4C[C@@H](O)CC[C@]4(C)[C@H]3CC[C@]12C","InChI=1S/C27H44O4/c1-16(15-28)5-8-23(30)17(2)25-24(31)14-22-20-7-6-18-13-19(29)9-11-26(18,3)21(20)10-12-27(22,25)4/h16-22,25,28-29H,5-15H2,1-4H3/t16-,17+,18?,19-,20+,21-,22-,25-,26-,27-/m0/s1","Barogenin","M+H","NCBITAXON:http://purl.obolibrary.org/obo/NCBITaxon_9714","Homo sapiens"
"M431.388T569.9","CHEBI:18185","C28H48O2","CC1=C(C=C2CCC(OC2=C1C)(C)CCCC(C)CCCC(C)CCCC(C)C)O","InChI=1S/C28H48O2/c1-20(2)11-8-12-21(3)13-9-14-22(4)15-10-17-28(7)18-16-25-19-26(29)23(5)24(6)27(25)30-28/h19-22,29H,8-18H2,1-7H3/t21-,22-,28-/m1/s1","Gamma-Tocopherol","M+H","NCBITAXON:http://purl.obolibrary.org/obo/NCBITaxon_9715","Homo sapiens"
"M439.304T313.5","CHEBI:30805","C12H24O2","CCCCCCCCCCCC(=O)O","InChI=1S/C12H24O2/c1-2-3-4-5-6-7-8-9-10-11-12(13)14/h2-11H2,1H3,(H,13,14)","Dodecanoic acid","M+H","NCBITAXON:http://purl.obolibrary.org/obo/NCBITaxon_9716","Homo sapiens"
"M445.295T331.5","CHEBI:91028","C19H27NaO5S","C1[C@@]2([C@@]([C@@]3(C(C[C@@H](OS([O-])(=O)=O)CC3)=C1)C)(CC[C@]4([C@]2(CCC4=O)[H])C)[H])[H].[Na+]","InChI=1S/C19H28O5S.Na/c1-18-9-7-13(24-25(21,22)23)11-12(18)3-4-14-15-5-6-17(20)19(15,2)10-8-16(14)18;/h3,13-16H,4-11H2,1-2H3,(H,21,22,23);/q;+1/p-1/t13-,14-,15-,16-,18-,19-;/m0./s1","dehydroepiandrosterone sulfate (sodium salt)","Fragment","NCBITAXON:http://purl.obolibrary.org/obo/NCBITaxon_9717","Homo sapiens"
"M454.293T355.6","CHEBI:90452","C21H44NO7P","[C@](CO*)(O*)([H])COP(OCCN)(=O)O",NA,"Lysophosphatidylethanolamine(16:0)","M+H","NCBITAXON:http://purl.obolibrary.org/obo/NCBITaxon_9718","Homo sapiens"
"M454.293T368.4","CHEBI:73134","C21H44NO7P","CCCCCCCCCCCCCCCC(=O)OCC(COP(=O)(O)OCCN)O","InChI=1S/C21H44NO7P/c1-2-3-4-5-6-7-8-9-10-11-12-13-14-15-21(24)27-18-20(23)19-29-30(25,26)28-17-16-22/h20,23H,2-19,22H2,1H3,(H,25,26)/t20-/m1/s1","1-palmitoyl-2-hydroxy-sn-glycero-3-phosphoethanolamine","M+H","NCBITAXON:http://purl.obolibrary.org/obo/NCBITaxon_9719","Homo sapiens"
"M466.33T458.6","CHEBI:87823","C23H48NO6P","P([O-])(OCC[N+]([H])([H])[H])(=O)OC[C@@](CO/C=C\CCCCCCCCCCCCCCCC)(O)[H]","InChI=1S/C23H48NO6P/c1-2-3-4-5-6-7-8-9-10-11-12-13-14-15-16-17-19-28-21-23(25)22-30-31(26,27)29-20-18-24/h17,19,23,25H,2-16,18,20-22,24H2,1H3,(H,26,27)/b19-17-/t23-/m1/s1","1-O-1'-(Z)-octadecenyl-2-hydroxy-sn-glycero-3-phosphoethanolamine","M+H","NCBITAXON:http://purl.obolibrary.org/obo/NCBITaxon_9720","Homo sapiens"
"M475.158T185.5","CHEBI:49410","C7H5ClO2","C1=CC(=CC(=C1)Cl)C(=O)O","InChI=1S/C7H5ClO2/c8-6-3-1-2-5(4-6)7(9)10/h1-4H,(H,9,10)","m-Chlorobenzoic acid","Fragment","NCBITAXON:http://purl.obolibrary.org/obo/NCBITaxon_9721","Homo sapiens"
"M478.294T349.9","CHEBI:91296","C23H44NO7P","[C@](CO*)(O*)([H])COP(OCCN)(=O)O",NA,"Lysophosphatidylethanolamine(18:2)","M+H","NCBITAXON:http://purl.obolibrary.org/obo/NCBITaxon_9722","Homo sapiens"
"M478.329T353.4","CHEBI:131590|CHEBI:91296","C23H44NO7P","[C@](CO*)(O*)([H])COP(OCC[N+](C)(C)C)(=O)[O-]|[C@](CO*)(O*)([H])COP(OCCN)(=O)O",NA,"Phosphatidylcholine(15:2/0:0)|Phosphatidylethanolamine(18:2/0:0)","M+H","NCBITAXON:http://purl.obolibrary.org/obo/NCBITaxon_9723","Homo sapiens"
"M480.309T387.1","CHEBI:64575","C23H46NO7P","[H][C@@](COC)(COP(O)(=O)OCCN)OC",NA,"Lysophosphatidylethanolamine(18:1)","M+H","NCBITAXON:http://purl.obolibrary.org/obo/NCBITaxon_9724","Homo sapiens"
"M480.345T398","CHEBI:75168","C23H46NO7P","CCCCCCCCC=CCCCCCCCC(=O)OCC(COP(=O)(O)OCCN)O","InChI=1S/C23H46NO7P/c1-2-3-4-5-6-7-8-9-10-11-12-13-14-15-16-17-23(26)29-20-22(25)21-31-32(27,28)30-19-18-24/h9-10,22,25H,2-8,11-21,24H2,1H3,(H,27,28)/b10-9-/t22-/m1/s1","1-oleoyl-2-hydroxy-sn-glycero-3-phosphoethanolamine","M+H","NCBITAXON:http://purl.obolibrary.org/obo/NCBITaxon_9725","Homo sapiens"
"M482.325T428","CHEBI:83047","C23H48NO7P","CCCCCCCCCCCCCCCCCC(=O)OCC(COP(=O)(O)OCCN)O","InChI=1S/C23H48NO7P/c1-2-3-4-5-6-7-8-9-10-11-12-13-14-15-16-17-23(26)29-20-22(25)21-31-32(27,28)30-19-18-24/h22,25H,2-21,24H2,1H3,(H,27,28)/t22-/m1/s1","1-Stearoyl-2-Hydroxy-sn-Glycero-3-Phosphoethanolamine","M+H","NCBITAXON:http://purl.obolibrary.org/obo/NCBITaxon_9726","Homo sapiens"
"M482.326T415.3","CHEBI:64576","C23H48NO7P","[H][C@@](COC)(COP(O)(=O)OCCN)OC",NA,"Lysophosphatidylethanolamine(18:0)","M+H","NCBITAXON:http://purl.obolibrary.org/obo/NCBITaxon_9727","Homo sapiens"
"M492.345T645.4","CHEBI:85767|CHEBI:71745","C45H80NO8P","C[N+](C)(C)CCOP([O-])(=O)OC[C@@H](COC([*])=O)OC([*])=O|[H][C@@](COC([*])=O)(COP([O-])(=O)OCC[NH3+])OC([*])=O",NA,"Phosphatidylcholine(37:5)|Phosphoethanolamine(40:5)","Fragment","NCBITAXON:http://purl.obolibrary.org/obo/NCBITaxon_9728","Homo sapiens"
"M494.325T315.1","CHEBI:91298","C24H48NO7P","[C@@H](CO)(COP(OCC[N+](C)(C)C)(=O)[O-])OC(=O)*",NA,"Lysophosphatidylcholine(0:0/16:1)","M+H","NCBITAXON:http://purl.obolibrary.org/obo/NCBITaxon_9729","Homo sapiens"
"M494.325T326.4","CHEBI:91305","C24H48NO7P","[C@@H](CO)(COP(OCC[N+](C)(C)C)(=O)[O-])OC(=O)*",NA,"Lysophosphatidylcholine(16:1/0:0)","M+H","NCBITAXON:http://purl.obolibrary.org/obo/NCBITaxon_9730","Homo sapiens"
"M496.34T353","CHEBI:91297","C24H50NO7P","[C@@H](CO)(COP(OCC[N+](C)(C)C)(=O)[O-])OC(=O)*",NA,"Lysophosphatidylcholine(0:0/16:0)","M+H","NCBITAXON:http://purl.obolibrary.org/obo/NCBITaxon_9731","Homo sapiens"
"M496.34T365.8","CHEBI:72998","C24H50NO7P","CCCCCCCCCCCCCCCC(=O)OC[C@@H](O)COP([O-])(=O)OCC[N+](C)(C)C","InChI=1S/C24H50NO7P/c1-5-6-7-8-9-10-11-12-13-14-15-16-17-18-24(27)30-21-23(26)22-32-33(28,29)31-20-19-25(2,3)4/h23,26H,5-22H2,1-4H3/t23-/m1/s1","1-palmitoyl-2-hydroxy-sn-glycero-3-phosphocholine","M+H","NCBITAXON:http://purl.obolibrary.org/obo/NCBITaxon_9732","Homo sapiens"
"M502.295T353.5","CHEBI:64569","C25H44NO7P","[H][C@@](COC)(COP(O)(=O)OCCN)OC",NA,"Lysophosphatidylethanolamine(20:4)","M+H","NCBITAXON:http://purl.obolibrary.org/obo/NCBITaxon_9733","Homo sapiens"
"M508.376T415.3","CHEBI:64591|CHEBI:88779","C26H54NO6P","[H][C@@](COC)(COP([O-])(=O)OCC[N+](C)(C)C)OC|C([C@@](CO/C=C\CCCCCCCCCCCCCCCC)(O)[H])OP([O-])(=O)OCC[N+](C)(C)C",NA,"Phosphatidylcholine(O-18:1/0:0)|Phosphatidylcholine(P-18:0/0:0)","M+H","NCBITAXON:http://purl.obolibrary.org/obo/NCBITaxon_9734","Homo sapiens"
"M510.356T395.2","CHEBI:75216","C26H56NO6P","CCCCCCCCCCCCCCCCCCOC[C@@H](O)COP([O-])(=O)OCC[N+](C)(C)C","InChI=1S/C26H56NO6P/c1-5-6-7-8-9-10-11-12-13-14-15-16-17-18-19-20-22-31-24-26(28)25-33-34(29,30)32-23-21-27(2,3)4/h26,28H,5-25H2,1-4H3/t26-/m1/s1","Lysophosphatidylcholine(18e:0/0:0)","M+H","NCBITAXON:http://purl.obolibrary.org/obo/NCBITaxon_9735","Homo sapiens"
"M510.392T456.8","CHEBI:91144","C26H56NO6P","O(CC(COP(OCC[N+](C)(C)C)(=O)[O-])O)CCCCCCCCCCCCCCCCCC","InChI=1S/C26H56NO6P/c1-5-6-7-8-9-10-11-12-13-14-15-16-17-18-19-20-22-31-24-26(28)25-33-34(29,30)32-23-21-27(2,3)4/h26,28H,5-25H2,1-4H3","Lyso-PAF C-18","M+H","NCBITAXON:http://purl.obolibrary.org/obo/NCBITaxon_9736","Homo sapiens"
"M512.335T258.3","CHEBI:131443","C24H46NO10P","[C@@H](COC(=O)*)(COP(OC[C@@H](C(=O)O)N)(=O)O)OC(=O)*",NA,"Phosphatidylserine(18:0)","M+H","NCBITAXON:http://purl.obolibrary.org/obo/NCBITaxon_9737","Homo sapiens"
"M518.324T318.5","CHEBI:64565","C26H48NO7P","[H][C@@](CO[*])(COP([O-])(=O)OCC[N+](C)(C)C)O[*]",NA,"Lysophosphatidylcholine(18:3)","M+H","NCBITAXON:http://purl.obolibrary.org/obo/NCBITaxon_9738","Homo sapiens"
"M520.34T336.4","CHEBI:91302","C26H50NO7P","[C@@H](CO)(COP(OCC[N+](C)(C)C)(=O)[O-])OC(=O)*",NA,"Lysophosphatidylcholine(0:0/18:2)","M+H","NCBITAXON:http://purl.obolibrary.org/obo/NCBITaxon_9739","Homo sapiens"
"M520.34T347.6","CHEBI:91309","C26H50NO7P","[C@@H](CO)(COP(OCC[N+](C)(C)C)(=O)[O-])OC(=O)*",NA,"Lysophosphatidylcholine(18:2/0:0)","M+H","NCBITAXON:http://purl.obolibrary.org/obo/NCBITaxon_9740","Homo sapiens"
"M522.356T372.5","CHEBI:64566","C26H52NO7P","[H][C@@](CO[*])(COP([O-])(=O)OCC[N+](C)(C)C)O[*]",NA,"Lysophosphatidylcholine(18:1)","M+H","NCBITAXON:http://purl.obolibrary.org/obo/NCBITaxon_9741","Homo sapiens"
"M522.356T384.9","CHEBI:28610","C26H52NO7P","[H][C@@](O)(COC(=O)CCCCCCC\C=C/CCCCCCCC)COP([O-])(=O)OCC[N+](C)(C)C","InChI=1S/C26H52NO7P/c1-5-6-7-8-9-10-11-12-13-14-15-16-17-18-19-20-26(29)32-23-25(28)24-34-35(30,31)33-22-21-27(2,3)4/h12-13,25,28H,5-11,14-24H2,1-4H3/b13-12-/t25-/m1/s1","1-oleoyl-2-hydroxy-sn-glycero-3-phosphocholine","M+H","NCBITAXON:http://purl.obolibrary.org/obo/NCBITaxon_9742","Homo sapiens"
"M524.372T412.7","CHEBI:91299","C26H54NO7P","[C@@H](CO)(COP(OCC[N+](C)(C)C)(=O)[O-])OC(=O)*",NA,"Lysophosphatidylcholine(0:0/18:0)","M+H","NCBITAXON:http://purl.obolibrary.org/obo/NCBITaxon_9743","Homo sapiens"
"M524.372T425.6","CHEBI:73858","C26H54NO7P","CCCCCCCCCCCCCCCCCC(=O)OC[C@@H](O)COP([O-])(=O)OCC[N+](C)(C)C","InChI=1S/C26H54NO7P/c1-5-6-7-8-9-10-11-12-13-14-15-16-17-18-19-20-26(29)32-23-25(28)24-34-35(30,31)33-22-21-27(2,3)4/h25,28H,5-24H2,1-4H3/t25-/m1/s1","1-stearoyl-2-hydroxy-sn-glycero-3-phosphocholine","M+H","NCBITAXON:http://purl.obolibrary.org/obo/NCBITaxon_9744","Homo sapiens"
"M544.34T341.4","CHEBI:91303","C28H50NO7P","[C@@H](CO)(COP(OCC[N+](C)(C)C)(=O)[O-])OC(=O)*",NA,"Lysophosphatidylcholine(0:0/20:4)","M+H","NCBITAXON:http://purl.obolibrary.org/obo/NCBITaxon_9745","Homo sapiens"
"M544.34T351.5","CHEBI:91310","C28H50NO7P","[C@@H](COC(=O)*)(COP(OCC[N+](C)(C)C)(=O)[O-])O",NA,"Lysophosphatidylcholine(20:4/0:0)","M+H","NCBITAXON:http://purl.obolibrary.org/obo/NCBITaxon_9746","Homo sapiens"
"M546.356T361","CHEBI:64481","C28H52NO7P","[H][C@@](COC(C)=O)(COP([O-])(=O)OCC[N+](C)(C)C)OC(C)=O",NA,"Lysophosphatidylcholine(20:3)","M+H","NCBITAXON:http://purl.obolibrary.org/obo/NCBITaxon_9747","Homo sapiens"
"M546.356T372.3","CHEBI:64481","C28H52NO7P","[H][C@@](COC(C)=O)(COP([O-])(=O)OCC[N+](C)(C)C)OC(C)=O",NA,"Lysophosphatidylcholine(20:3)","M+H","NCBITAXON:http://purl.obolibrary.org/obo/NCBITaxon_9748","Homo sapiens"
"M548.372T403.2","CHEBI:67056","C28H54NO7P","[H][C@@](CO[*])(COP([O-])(=O)OCC[N+](C)(C)C)O[*]",NA,"Lysophosphatidylcholine(20:2)","M+H","NCBITAXON:http://purl.obolibrary.org/obo/NCBITaxon_9749","Homo sapiens"
"M550.387T438.4","CHEBI:67057","C28H56NO7P","[H][C@@](CO[*])(COP([O-])(=O)OCC[N+](C)(C)C)O[*]",NA,"Lysophosphatidylcholine(20:1)","M+H","NCBITAXON:http://purl.obolibrary.org/obo/NCBITaxon_9750","Homo sapiens"
"M551.435T437.6","CHEBI:15756","C16H32O2","CCCCCCCCCCCCCCCC(=O)O","InChI=1S/C16H32O2/c1-2-3-4-5-6-7-8-9-10-11-12-13-14-15-16(17)18/h2-15H2,1H3,(H,17,18)","Palmitic acid","Fragment","NCBITAXON:http://purl.obolibrary.org/obo/NCBITaxon_9751","Homo sapiens"
"M552.403T481.3","CHEBI:74968","C28H58NO7P","CCCCCCCCCCCCCCCCCCCC(=O)OC[C@@H](O)COP([O-])(=O)OCC[N+](C)(C)C","InChI=1S/C28H58NO7P/c1-5-6-7-8-9-10-11-12-13-14-15-16-17-18-19-20-21-22-28(31)34-25-27(30)26-36-37(32,33)35-24-23-29(2,3)4/h27,30H,5-26H2,1-4H3/t27-/m1/s1","1-arachidoyl-2-hydroxy-sn-glycero-3-phosphocholine","M+H","NCBITAXON:http://purl.obolibrary.org/obo/NCBITaxon_9752","Homo sapiens"
"M564.307T313.2","CHEBI:91304","C28H48NO7P","[C@@H](CO)(COP(OCC[N+](C)(C)C)(=O)[O-])OC(=O)*",NA,"Lysophosphatidylcholine(0:0/20:5)","M+Na","NCBITAXON:http://purl.obolibrary.org/obo/NCBITaxon_9753","Homo sapiens"
"M564.307T322.3","CHEBI:91311","C28H48NO7P","[C@@H](COC(=O)*)(COP(OCC[N+](C)(C)C)(=O)[O-])O",NA,"Lysophosphatidylcholine(20:5/0:0)","M+Na","NCBITAXON:http://purl.obolibrary.org/obo/NCBITaxon_9754","Homo sapiens"
"M570.355T356.9","CHEBI:74349","C30H52NO7P","[H][C@@](CO[*])(COP([O-])(=O)OCC[N+](C)(C)C)O[*]",NA,"Lysophosphatidylcholine(22:5)","M+H","NCBITAXON:http://purl.obolibrary.org/obo/NCBITaxon_9755","Homo sapiens"
"M570.356T367.6","CHEBI:74349","C30H52NO7P","[H][C@@](CO[*])(COP([O-])(=O)OCC[N+](C)(C)C)O[*]",NA,"Lysophosphatidylcholine(22:5)","M+H","NCBITAXON:http://purl.obolibrary.org/obo/NCBITaxon_9756","Homo sapiens"
"M572.371T397.8","CHEBI:91312","C30H54NO7P","[C@@H](COC(=O)*)(COP(OCC[N+](C)(C)C)(=O)[O-])O",NA,"Lysophosphatidylcholine(22:4)","M+H","NCBITAXON:http://purl.obolibrary.org/obo/NCBITaxon_9757","Homo sapiens"
"M583.255T328","CHEBI:91027","C33H35ClN4O6","C=1(/C=C/2\NC(=O)C(=C2C=C)C)NC(=C(C1C)CCC(O)=O)/C=C/3\N=C(/C=C/4\NC(C(=C4C)C=C)=O)C(=C3CCC(O)=O)C.Cl","InChI=1S/C33H34N4O6.ClH/c1-7-20-19(6)32(42)37-27(20)14-25-18(5)23(10-12-31(40)41)29(35-25)15-28-22(9-11-30(38)39)17(4)24(34-28)13-26-16(3)21(8-2)33(43)36-26;/h7-8,13-15,35H,1-2,9-12H2,3-6H3,(H,36,43)(H,37,42)(H,38,39)(H,40,41);1H/b26-13-,27-14-,28-15-;","Biliverdin hydrochloride a","M+H","NCBITAXON:http://purl.obolibrary.org/obo/NCBITaxon_9758","Homo sapiens"
"M583.26T206.3","CHEBI:91027","C33H35ClN4O6","C=1(/C=C/2\NC(=O)C(=C2C=C)C)NC(=C(C1C)CCC(O)=O)/C=C/3\N=C(/C=C/4\NC(C(=C4C)C=C)=O)C(=C3CCC(O)=O)C.Cl","InChI=1S/C33H34N4O6.ClH/c1-7-20-19(6)32(42)37-27(20)14-25-18(5)23(10-12-31(40)41)29(35-25)15-28-22(9-11-30(38)39)17(4)24(34-28)13-26-16(3)21(8-2)33(43)36-26;/h7-8,13-15,35H,1-2,9-12H2,3-6H3,(H,36,43)(H,37,42)(H,38,39)(H,40,41);1H/b26-13-,27-14-,28-15-;","Biliverdin hydrochloride b","M+H","NCBITAXON:http://purl.obolibrary.org/obo/NCBITaxon_9759","Homo sapiens"
"M585.271T140.1","CHEBI:16990","C33H36N4O6","CC1=C(C=C)\C(NC1=O)=C\c1[nH]c(Cc2[nH]c(\C=C3NC(=O)C(C=C)=C/3C)c(C)c2CCC(O)=O)c(CCC(O)=O)c1C","InChI=1S/C33H36N4O6/c1-7-20-19(6)32(42)37-27(20)14-25-18(5)23(10-12-31(40)41)29(35-25)15-28-22(9-11-30(38)39)17(4)24(34-28)13-26-16(3)21(8-2)33(43)36-26/h7-8,13-14,34-35H,1-2,9-12,15H2,3-6H3,(H,36,43)(H,37,42)(H,38,39)(H,40,41)/b26-13-,27-14-","Biliribin I","M+H","NCBITAXON:http://purl.obolibrary.org/obo/NCBITaxon_9760","Homo sapiens"
"M585.271T169.4","CHEBI:16990","C33H36N4O6","CC1=C(C=C)\C(NC1=O)=C\c1[nH]c(Cc2[nH]c(\C=C3NC(=O)C(C=C)=C/3C)c(C)c2CCC(O)=O)c(CCC(O)=O)c1C","InChI=1S/C33H36N4O6/c1-7-20-19(6)32(42)37-27(20)14-25-18(5)23(10-12-31(40)41)29(35-25)15-28-22(9-11-30(38)39)17(4)24(34-28)13-26-16(3)21(8-2)33(43)36-26/h7-8,13-14,34-35H,1-2,9-12,15H2,3-6H3,(H,36,43)(H,37,42)(H,38,39)(H,40,41)/b26-13-,27-14-","Biliribin II","M+H","NCBITAXON:http://purl.obolibrary.org/obo/NCBITaxon_9761","Homo sapiens"
"M591.319T146.2","CHEBI:4260|CHEBI:36378","C33H42N4O6","CCC1=C(C)C(=O)NC1Cc1[nH]c(Cc2[nH]c(CC3NC(=O)C(C=C)=C3C)c(C)c2CCC(O)=O)c(CCC(O)=O)c1C|[H]C(=C1N=C(CC2NC(=O)C(CC)=C2C)C(C)=C1CCC(O)=O)c1[nH]c(CC2NC(=O)C(C)=C2CC)c(C)c1CCC(O)=O","InChI=1S/C33H42N4O6/c1-7-20-19(6)32(42)37-27(20)14-25-18(5)23(10-12-31(40)41)29(35-25)15-28-22(9-11-30(38)39)17(4)24(34-28)13-26-16(3)21(8-2)33(43)36-26/h8,26-27,34-35H,2,7,9-15H2,1,3-6H3,(H,36,43)(H,37,42)(H,38,39)(H,40,41)|InChI=1S/C33H42N4O6/c1-7-20-19(6)32(42)37-27(20)14-25-18(5)23(10-12-31(40)41)29(35-25)15-28-22(9-11-30(38)39)17(4)24(34-28)13-26-16(3)21(8-2)33(43)36-26/h15,26-27,35H,7-14H2,1-6H3,(H,36,43)(H,37,42)(H,38,39)(H,40,41)","D-Urobilinogen|I-Urobilin","M+H","NCBITAXON:http://purl.obolibrary.org/obo/NCBITaxon_9762","Homo sapiens"
"M603.466T467.7","CHEBI:36023","C18H34O2","[H]C(CCCCCC)=C([H])CCCCCCCCCC(O)=O","InChI=1S/C18H34O2/c1-2-3-4-5-6-7-8-9-10-11-12-13-14-15-16-17-18(19)20/h7-8H,2-6,9-17H2,1H3,(H,19,20)","cis/trans-Vaccenic acid","Fragment","NCBITAXON:http://purl.obolibrary.org/obo/NCBITaxon_9763","Homo sapiens"
"M603.467T453.9","CHEBI:36021","C18H34O2","[H]C(CCCCCCCC)=C([H])CCCCCCCC(O)=O","InChI=1S/C18H34O2/c1-2-3-4-5-6-7-8-9-10-11-12-13-14-15-16-17-18(19)20/h9-10H,2-8,11-17H2,1H3,(H,19,20)","cis/trans-Oleic acid","Fragment","NCBITAXON:http://purl.obolibrary.org/obo/NCBITaxon_9764","Homo sapiens"
"M603.536T704.5","CHEBI:86337","C39H72O5","CCCCCCCCCCCCCCCCCC(=O)O[C@@H](CO)COC(=O)CCCCCCC\C=C/C\C=C/CCCCC","InChI=1S/C39H72O5/c1-3-5-7-9-11-13-15-17-19-21-23-25-27-29-31-33-38(41)43-36-37(35-40)44-39(42)34-32-30-28-26-24-22-20-18-16-14-12-10-8-6-4-2/h11,13,17,19,37,40H,3-10,12,14-16,18,20-36H2,1-2H3/b13-11-,19-17-/t37-/m0/s1","1-linoleoyl-2-stearoyl-sn-glycerol","M+H-H2O�","NCBITAXON:http://purl.obolibrary.org/obo/NCBITaxon_9765","Homo sapiens"
"M617.512T697.4","CHEBI:86346","C37H70O5","CCCCCCCCCCCCCCCC(=O)O[C@@H](CO)COC(=O)CCCCCCCCC\C=C/CCCCCC","InChI=1S/C37H70O5/c1-3-5-7-9-11-13-15-17-18-20-21-23-25-27-29-31-36(39)41-34-35(33-38)42-37(40)32-30-28-26-24-22-19-16-14-12-10-8-6-4-2/h13,15,35,38H,3-12,14,16-34H2,1-2H3/b15-13-/t35-/m0/s1","1-vaccenoyl-2-palmitoyl-sn-glycerol","M+Na","NCBITAXON:http://purl.obolibrary.org/obo/NCBITaxon_9766","Homo sapiens"
"M647.513T562.6","CHEBI:86515|CHEBI:72505","C35H71N2O6P","NCCOP(O)(=O)OC[C@H](NC([*])=O)[C@H](O)[*]|C[N+](C)(C)CCOP([O-])(=O)OC[C@H](NC([*])=O)[C@H](O)[*]",NA,"Ceramide phosphoethanolamine(33:1)|Sphingomyelin(30:1)","M+H","NCBITAXON:http://purl.obolibrary.org/obo/NCBITaxon_9767","Homo sapiens"
"M661.528T579.9","CHEBI:86517","C36H73N2O6P","NCCOP(O)(=O)OC[C@H](NC([*])=O)[C@H](O)[*]",NA,"Ceramide phosphoethanolamine(34:1)","M+H","NCBITAXON:http://purl.obolibrary.org/obo/NCBITaxon_9768","Homo sapiens"
"M673.528T573.3","CHEBI:86523|CHEBI:72510","C37H73N2O6P","NCCOP(O)(=O)OC[C@H](NC([*])=O)[C@H](O)[*]|C[N+](C)(C)CCOP([O-])(=O)OC[C@H](NC([*])=O)[C@H](O)[*]",NA,"Ceramide phosphoethanolamine(35:2)|Sphingomyelin(32:2)","M+H","NCBITAXON:http://purl.obolibrary.org/obo/NCBITaxon_9769","Homo sapiens"
"M674.531T573.3","CHEBI:65292","C36H68NO8P","C[N+](C)(C)CCOP([O-])(=O)OC[C@@H](COC([*])=O)OC([*])=O",NA,"Phosphatidylcholine(28:2)","M+H","NCBITAXON:http://purl.obolibrary.org/obo/NCBITaxon_9770","Homo sapiens"
"M675.544T599.1","CHEBI:86519|CHEBI:64586","C37H75N2O6P","NCCOP(O)(=O)OC[C@H](NC([*])=O)[C@H](O)[*]|[H][C@](C)(O)[C@]([H])(COP([O-])(=O)OCC[N+](C)(C)C)NC(C)=O",NA,"Ceramide phosphoethanolamine(35:1)|Sphingomyelin(32:1)","M+H","NCBITAXON:http://purl.obolibrary.org/obo/NCBITaxon_9771","Homo sapiens"
"M676.547T599.1","CHEBI:65293","C36H70NO8P","C[N+](C)(C)CCOP([O-])(=O)OC[C@@H](COC([*])=O)OC([*])=O",NA,"Phosphatidylcholine(28:1)","M+H","NCBITAXON:http://purl.obolibrary.org/obo/NCBITaxon_9772","Homo sapiens"
"M690.563T615.5","CHEBI:131438","C37H72NO8P","C[N+](C)(C)CCOP([O-])(=O)OC[C@@H](COC([*])=O)OC([*])=O",NA,"Phosphatidylcholine(29:1)","M+H","NCBITAXON:http://purl.obolibrary.org/obo/NCBITaxon_9773","Homo sapiens"
"M70.066T33.6","CHEBI:18257","C5H12N2O2","C(CC(C(=O)O)N)CN","InChI=1S/C5H12N2O2/c6-3-1-2-4(7)5(8)9/h4H,1-3,6-7H2,(H,8,9)","Ornithine","Fragment","NCBITAXON:http://purl.obolibrary.org/obo/NCBITaxon_9774","Homo sapiens"
"M701.559T609.2","CHEBI:86527|CHEBI:64587","C39H77N2O6P","NCCOP(O)(=O)OC[C@H](NC([*])=O)[C@H](O)[*]|[H][C@@](O)([*])[C@]([H])(COP([O-])(=O)OCC[N+](C)(C)C)NC([*])=O",NA,"Ceramide phosphoethanolamine(37:2)|Sphingomyelin(34:2)","M+H","NCBITAXON:http://purl.obolibrary.org/obo/NCBITaxon_9775","Homo sapiens"
"M702.563T609.2","CHEBI:65301","C38H72NO8P","C[N+](C)(C)CCOP([O-])(=O)OC[C@@H](COC([*])=O)OC([*])=O",NA,"Phosphatidylcholine(30:2)","M+H","NCBITAXON:http://purl.obolibrary.org/obo/NCBITaxon_9776","Homo sapiens"
"M703.575T631.3","CHEBI:78646","C39H79N2O6P","CCCCCCCCCCCCCCCC(=O)NC(COP(=O)([O-])OCC[N+](C)(C)C)C(C=CCCCCCCCCCCCCC)O","InChI=1S/C39H79N2O6P/c1-6-8-10-12-14-16-18-20-22-24-26-28-30-32-38(42)37(36-47-48(44,45)46-35-34-41(3,4)5)40-39(43)33-31-29-27-25-23-21-19-17-15-13-11-9-7-2/h30,32,37-38,42H,6-29,31,33-36H2,1-5H3,(H-,40,43,44,45)/b32-30+/t37-,38+/m0/s1","N-palmitoyl-D-erythro-sphingosylphosphorylcholine","M+H","NCBITAXON:http://purl.obolibrary.org/obo/NCBITaxon_9777","Homo sapiens"
"M704.578T631.3","CHEBI:65302","C38H74NO8P","C[N+](C)(C)CCOP([O-])(=O)OC[C@@H](COC([*])=O)OC([*])=O",NA,"Phosphatidylcholine(30:1)","M+H","NCBITAXON:http://purl.obolibrary.org/obo/NCBITaxon_9778","Homo sapiens"
"M715.574T626.5","CHEBI:86968","C40H79N2O6P","NCCOP(O)(=O)OC[C@H](NC([*])=O)[C@H](O)[*]",NA,"Ceramide phosphoethanolamine(38:2)","M+H","NCBITAXON:http://purl.obolibrary.org/obo/NCBITaxon_9779","Homo sapiens"
"M727.574T621.9","CHEBI:105799","C41H79N2O6P","[C@@H]([C@@H](/C=C/CCCCCCCC/C=C\CCC)O)(COP(OCC[N+](C)(C)C)(=O)[O-])NC(=O)CCCCCCC/C=C\CCCCCCCC","InChI=1S/C41H79N2O6P/c1-6-8-10-12-14-16-18-20-21-23-25-27-29-31-33-35-41(45)42-39(38-49-50(46,47)48-37-36-43(3,4)5)40(44)34-32-30-28-26-24-22-19-17-15-13-11-9-7-2/h11,13,20-21,32,34,39-40,44H,6-10,12,14-19,22-31,33,35-38H2,1-5H3,(H-,42,45,46,47)/b13-11-,21-20-,34-32+/t39-,40+/m0/s1","Sphingomyelin(d18:2/18:1)","M+H","NCBITAXON:http://purl.obolibrary.org/obo/NCBITaxon_9780","Homo sapiens"
"M729.59T641.9","CHEBI:84487","C41H81N2O6P","CCCCCCCCCCCCCC=CC(C(COP(=O)([O-])OCC[N+](C)(C)C)NC(=O)CCCCCCCC=CCCCCCCCC)O","InChI=1S/C41H81N2O6P/c1-6-8-10-12-14-16-18-20-21-23-25-27-29-31-33-35-41(45)42-39(38-49-50(46,47)48-37-36-43(3,4)5)40(44)34-32-30-28-26-24-22-19-17-15-13-11-9-7-2/h20-21,32,34,39-40,44H,6-19,22-31,33,35-38H2,1-5H3,(H-,42,45,46,47)/b21-20-,34-32+/t39-,40+/m0/s1","N-(9Z-octadecenoyl)-sphing-4-enine-1-phosphocholine","M+H","NCBITAXON:http://purl.obolibrary.org/obo/NCBITaxon_9781","Homo sapiens"
"M730.538T619.4","CHEBI:83717","C40H76NO8P","CCCCCCC=CCCCCCCCC(=O)OCC(COP(=O)([O-])OCC[N+](C)(C)C)OC(=O)CCCCCCCC=CCCCCCC","InChI=1S/C40H76NO8P/c1-6-8-10-12-14-16-18-20-22-24-26-28-30-32-39(42)46-36-38(37-48-50(44,45)47-35-34-41(3,4)5)49-40(43)33-31-29-27-25-23-21-19-17-15-13-11-9-7-2/h16-19,38H,6-15,20-37H2,1-5H3/b18-16-,19-17-/t38-/m1/s1","1,2-dipalmitoleoyl-sn-glycero-3-phosphocholine","M+H","NCBITAXON:http://purl.obolibrary.org/obo/NCBITaxon_9782","Homo sapiens"
"M731.606T662.8","CHEBI:83358","C41H83N2O6P","CCCCCCCCCCCCCCCCCC(=O)NC(COP(=O)([O-])OCC[N+](C)(C)C)C(C=CCCCCCCCCCCCCC)O","InChI=1S/C41H83N2O6P/c1-6-8-10-12-14-16-18-20-21-23-25-27-29-31-33-35-41(45)42-39(38-49-50(46,47)48-37-36-43(3,4)5)40(44)34-32-30-28-26-24-22-19-17-15-13-11-9-7-2/h32,34,39-40,44H,6-31,33,35-38H2,1-5H3,(H-,42,45,46,47)/b34-32+/t39-,40+/m0/s1","N-(octadecanoyl)-sphing-4-enine-1-phosphocholine","M+H","NCBITAXON:http://purl.obolibrary.org/obo/NCBITaxon_9783","Homo sapiens"
"M732.554T640","CHEBI:66849","C40H78NO8P","C[N+](C)(C)CCOP([O-])(=O)OC[C@@H](COC([*])=O)OC([*])=O",NA,"Phosphatidylcholine(32:1)","M+H","NCBITAXON:http://purl.obolibrary.org/obo/NCBITaxon_9784","Homo sapiens"
"M734.569T658.6","CHEBI:72999","C40H80NO8P","CCCCCCCCCCCCCCCC(=O)OCC(COP(=O)([O-])OCC[N+](C)(C)C)OC(=O)CCCCCCCCCCCCCCC","InChI=1S/C40H80NO8P/c1-6-8-10-12-14-16-18-20-22-24-26-28-30-32-39(42)46-36-38(37-48-50(44,45)47-35-34-41(3,4)5)49-40(43)33-31-29-27-25-23-21-19-17-15-13-11-9-7-2/h38H,6-37H2,1-5H3/t38-/m1/s1","1,2-dipalmitoyl-sn-glycero-3-phosphocholine","M+H","NCBITAXON:http://purl.obolibrary.org/obo/NCBITaxon_9785","Homo sapiens"
"M740.524T653.3","CHEBI:42027","C44H80NO8P","CCCCC\C=C/C\C=C/CCCCCCCC(=O)OC[C@H](COP([O-])(=O)OCC[N+](C)(C)C)OC(=O)CCCCCCC\C=C/C\C=C/CCCCC","InChI=1S/C44H80NO8P/c1-6-8-10-12-14-16-18-20-22-24-26-28-30-32-34-36-43(46)50-40-42(41-52-54(48,49)51-39-38-45(3,4)5)53-44(47)37-35-33-31-29-27-25-23-21-19-17-15-13-11-9-7-2/h14-17,20-23,42H,6-13,18-19,24-41H2,1-5H3/b16-14-,17-15-,22-20-,23-21-/t42-/m1/s1","1,2-dilinoleoyl-sn-glycero-3-phosphocholine","M+H","NCBITAXON:http://purl.obolibrary.org/obo/NCBITaxon_9786","Homo sapiens"
"M746.605T684.4","CHEBI:86472|CHEBI:71727","C41H80NO8P","C[N+](C)(C)CCOP([O-])(=O)OC[C@@H](COC([*])=O)OC([*])=O|[H][C@@](COC([*])=O)(COP([O-])(=O)OCC[NH3+])OC([*])=O",NA,"Phosphatidylcholine(33:1)|Phosphoethanolamine(36:1)","M+H","NCBITAXON:http://purl.obolibrary.org/obo/NCBITaxon_9787","Homo sapiens"
"M752.522T603","CHEBI:66854|CHEBI:131584","C42H74NO8P","C[N+](C)(C)CCOP([O-])(=O)OC[C@@H](COC([*])=O)OC([*])=O|[H][C@@](COC([*])=O)(COP([O-])(=O)OCC[NH3+])OC([*])=O",NA,"Phosphatidylcholine(34:5)|Phosphoethanolamine(37:5)","M+H","NCBITAXON:http://purl.obolibrary.org/obo/NCBITaxon_9788","Homo sapiens"
"M754.536T621.4","CHEBI:64423","C42H76NO8P","C[N+](C)(C)CCOP([O-])(=O)OC[C@@H](COC([*])=O)OC([*])=O",NA,"Phosphatidylcholine(34:4)","M+H","NCBITAXON:http://purl.obolibrary.org/obo/NCBITaxon_9789","Homo sapiens"
"M756.553T632.6","CHEBI:64424","C42H78NO8P","C[N+](C)(C)CCOP([O-])(=O)OC[C@@H](COC([*])=O)OC([*])=O",NA,"Phosphatidylcholine(34:3)","M+H","NCBITAXON:http://purl.obolibrary.org/obo/NCBITaxon_9790","Homo sapiens"
"M758.569T649.2","CHEBI:64516|CHEBI:131583","C42H80NO8P","C[N+](C)(C)CCOP([O-])(=O)OC[C@@H](COC([*])=O)OC([*])=O|[H][C@@](COC([*])=O)(COP([O-])(=O)OCC[NH3+])OC([*])=O",NA,"Phosphatidylcholine(34:2)|Phosphoethanolamine(37:2)","M+H","NCBITAXON:http://purl.obolibrary.org/obo/NCBITaxon_9791","Homo sapiens"
"M760.585T667.4","CHEBI:74667","C42H82NO8P","CCCCCCCCCCCCCCCC(=O)O[C@H](COC(=O)CCCCCCC\C=C/CCCCCCCC)COP([O-])(=O)OCC[N+](C)(C)C","InChI=1S/C42H82NO8P/c1-6-8-10-12-14-16-18-20-21-23-24-26-28-30-32-34-41(44)48-38-40(39-50-52(46,47)49-37-36-43(3,4)5)51-42(45)35-33-31-29-27-25-22-19-17-15-13-11-9-7-2/h20-21,40H,6-19,22-39H2,1-5H3/b21-20-/t40-/m1/s1","1-oleoyl-2-palmitoyl-sn-glycero-3-phosphocholine","M+H","NCBITAXON:http://purl.obolibrary.org/obo/NCBITaxon_9792","Homo sapiens"
"M762.591T667.4","CHEBI:66855","C42H84NO8P","C[N+](C)(C)CCOP([O-])(=O)OC[C@@H](COC([*])=O)OC([*])=O",NA,"Phosphatidylcholine(34:0)","M+H","NCBITAXON:http://purl.obolibrary.org/obo/NCBITaxon_9793","Homo sapiens"
"M766.573T653.9","CHEBI:132327","C44H78NO8P","C(C[N+](C)(C)C)OP(=O)([O-])OC[C@H](OC(*)=O)COC(=O)*",NA,"C16-20:5 Phosphatidylcholine","M+H","NCBITAXON:http://purl.obolibrary.org/obo/NCBITaxon_9794","Homo sapiens"
"M768.552T637","CHEBI:91322|CHEBI:71737","C43H78NO8P","C[N+](C)(C)CCOP([O-])(=O)OC[C@@H](COC([*])=O)OC([*])=O|[H][C@@](COC([*])=O)(COP([O-])(=O)OCC[NH3+])OC([*])=O",NA,"Phosphatidylcholine(35:4)|Phosphoethanolamine(38:4)","M+H","NCBITAXON:http://purl.obolibrary.org/obo/NCBITaxon_9795","Homo sapiens"
"M768.589T669.9","CHEBI:79110|CHEBI:86344","C43H78NO8P","CCCCCCCCCCCCCCCCCC(=O)OC[C@H](COP(O)(=O)OCCN)OC(=O)CCC\C=C/C\C=C/C\C=C/C\C=C/CCCCC|CCCCCCCCCCCCCCC(=O)OC[C@H](COP([O-])(=O)OCC[N+](C)(C)C)OC(=O)CCC\C=C/C\C=C/C\C=C/C\C=C/CCCCC","InChI=1S/C43H78NO8P/c1-3-5-7-9-11-13-15-17-19-20-22-24-26-28-30-32-34-36-43(46)52-41(40-51-53(47,48)50-38-37-44)39-49-42(45)35-33-31-29-27-25-23-21-18-16-14-12-10-8-6-4-2/h11,13,17,19,22,24,28,30,41H,3-10,12,14-16,18,20-21,23,25-27,29,31-40,44H2,1-2H3,(H,47,48)/b13-11-,19-17-,24-22-,30-28-/t41-/m1/s1|InChI=1S/C43H78NO8P/c1-6-8-10-12-14-16-18-20-21-22-23-24-26-28-30-32-34-36-43(46)52-41(40-51-53(47,48)50-38-37-44(3,4)5)39-49-42(45)35-33-31-29-27-25-19-17-15-13-11-9-7-2/h14,16,20-21,23-24,28,30,41H,6-13,15,17-19,22,25-27,29,31-40H2,1-5H3/b16-14-,21-20-,24-23-,30-28-/t41-/m1/s1","1-stearoyl-2-arachidonoyl-sn-glycero-3-phosphoethanolamine|C15-20:4 Phosphatidylcholine","M+H","NCBITAXON:http://purl.obolibrary.org/obo/NCBITaxon_9796","Homo sapiens"
"M772.584T663.2","CHEBI:85766|CHEBI:71735","C43H82NO8P","C[N+](C)(C)CCOP([O-])(=O)OC[C@@H](COC([*])=O)OC([*])=O|[H][C@@](COC([*])=O)(COP([O-])(=O)OCC[NH3+])OC([*])=O",NA,"Phosphatidylcholine(35:2)|Phosphoethanolamine(38:2)","M+H","NCBITAXON:http://purl.obolibrary.org/obo/NCBITaxon_9797","Homo sapiens"
"M778.535T629.4","CHEBI:64424|CHEBI:131581","C42H78NO8P","C[N+](C)(C)CCOP([O-])(=O)OC[C@@H](COC([*])=O)OC([*])=O|[H][C@@](COC([*])=O)(COP([O-])(=O)OCC[NH3+])OC([*])=O",NA,"Phosphatidylcholine(34:3)|Phosphoethanolamine(37:3)","M+Na","NCBITAXON:http://purl.obolibrary.org/obo/NCBITaxon_9798","Homo sapiens"
"M778.537T618.5","CHEBI:66856","C44H76NO8P","C[N+](C)(C)CCOP([O-])(=O)OC[C@@H](COC([*])=O)OC([*])=O",NA,"Phosphatidylcholine(36:6)","M+H","NCBITAXON:http://purl.obolibrary.org/obo/NCBITaxon_9799","Homo sapiens"
"M780.554T634.9","CHEBI:64504","C44H78NO8P","C[N+](C)(C)CCOP([O-])(=O)OC[C@@H](COC([*])=O)OC([*])=O",NA,"Phosphatidylcholine(36:5)","M+H","NCBITAXON:http://purl.obolibrary.org/obo/NCBITaxon_9800","Homo sapiens"
"M782.569T651.8","CHEBI:42027","C44H80NO8P","CCCCC\C=C/C\C=C/CCCCCCCC(=O)OC[C@H](COP([O-])(=O)OCC[N+](C)(C)C)OC(=O)CCCCCCC\C=C/C\C=C/CCCCC","InChI=1S/C44H80NO8P/c1-6-8-10-12-14-16-18-20-22-24-26-28-30-32-34-36-43(46)50-40-42(41-52-54(48,49)51-39-38-45(3,4)5)53-44(47)37-35-33-31-29-27-25-23-21-19-17-15-13-11-9-7-2/h14-17,20-23,42H,6-13,18-19,24-41H2,1-5H3/b16-14-,17-15-,22-20-,23-21-/t42-/m1/s1","1,2-dilinoleoyl-sn-glycero-3-phosphocholine","M+H","NCBITAXON:http://purl.obolibrary.org/obo/NCBITaxon_9801","Homo sapiens"
"M784.585T659.3","CHEBI:64523|CHEBI:131585","C44H82NO8P","C[N+](C)(C)CCOP([O-])(=O)OC[C@@H](COC([*])=O)OC([*])=O|[H][C@@](COC([*])=O)(COP([O-])(=O)OCC[NH3+])OC([*])=O|[C@](COC(=O)*)(OC(=O)*)([H])COP(OCC[NH3+])(=O)[O-]",NA,"Phosphatidylcholine(36:3)|Phosphoethanolamine(39:3)","M+H","NCBITAXON:http://purl.obolibrary.org/obo/NCBITaxon_9802","Homo sapiens"
"M785.652T697.5","CHEBI:72529","C45H89N2O6P","C[N+](C)(C)CCOP([O-])(=O)OC[C@H](NC([*])=O)[C@H](O)[*]",NA,"Sphingomyelin(40:2)","M+H","NCBITAXON:http://purl.obolibrary.org/obo/NCBITaxon_9803","Homo sapiens"
"M786.601T676.7","CHEBI:74669|CHEBI:86330","C44H84NO8P","CCCCCCCC\C=C/CCCCCCCC(=O)OC[C@H](COP([O-])(=O)OCC[N+](C)(C)C)OC(=O)CCCCCCC\C=C/CCCCCCCC|CCCCCCCCCCC\C=C/CCCCC(=O)OC[C@H](COP([O-])(=O)OCC[N+](C)(C)C)OC(=O)CCCC\C=C/CCCCCCCCCCC","InChI=1S/C44H84NO8P/c1-6-8-10-12-14-16-18-20-22-24-26-28-30-32-34-36-43(46)50-40-42(41-52-54(48,49)51-39-38-45(3,4)5)53-44(47)37-35-33-31-29-27-25-23-21-19-17-15-13-11-9-7-2/h20-23,42H,6-19,24-41H2,1-5H3/b22-20-,23-21-/t42-/m1/s1|InChI=1S/C44H84NO8P/c1-6-8-10-12-14-16-18-20-22-24-26-28-30-32-34-36-43(46)50-40-42(41-52-54(48,49)51-39-38-45(3,4)5)53-44(47)37-35-33-31-29-27-25-23-21-19-17-15-13-11-9-7-2/h26-29,42H,6-25,30-41H2,1-5H3/b28-26-,29-27-/t42-/m1/s1","1,2-dioleoyl-sn-glycero-3-phosphocholine|1,2-dipetroselenoyl-sn-glycero-3-phosphocholine","M+H","NCBITAXON:http://purl.obolibrary.org/obo/NCBITaxon_9804","Homo sapiens"
"M788.616T693.5","CHEBI:66857","C44H86NO8P","C[N+](C)(C)CCOP([O-])(=O)OC[C@@H](COC([*])=O)OC([*])=O",NA,"Phosphatidylcholine(36:1)","M+H","NCBITAXON:http://purl.obolibrary.org/obo/NCBITaxon_9805","Homo sapiens"
"M799.667T709.5","CHEBI:85762","C46H91N2O6P","C[N+](C)(C)CCOP([O-])(=O)OC[C@H](NC([*])=O)[C@H](O)[*]",NA,"Sphingomyelin(41:2)","M+H","NCBITAXON:http://purl.obolibrary.org/obo/NCBITaxon_9806","Homo sapiens"
"M804.552T623.3","CHEBI:64498","C46H78NO8P","C[N+](C)(C)CCOP([O-])(=O)OC[C@@H](COC([*])=O)OC([*])=O",NA,"Phosphatidylcholine(38:7)","M+H","NCBITAXON:http://purl.obolibrary.org/obo/NCBITaxon_9807","Homo sapiens"
"M806.569T647.5","CHEBI:74963","C46H80NO8P","CCCCCCCCCCCCCCCC(=O)OCC(COP(=O)([O-])OCC[N+](C)(C)C)OC(=O)CCC=CCC=CCC=CCC=CCC=CCC=CCC","InChI=1S/C46H80NO8P/c1-6-8-10-12-14-16-18-20-21-22-23-24-25-27-29-31-33-35-37-39-46(49)55-44(43-54-56(50,51)53-41-40-47(3,4)5)42-52-45(48)38-36-34-32-30-28-26-19-17-15-13-11-9-7-2/h8,10,14,16,20-21,23-24,27,29,33,35,44H,6-7,9,11-13,15,17-19,22,25-26,28,30-32,34,36-43H2,1-5H3/b10-8-,16-14-,21-20-,24-23-,29-27-,35-33-/t44-/m1/s1","1-palmitoyl-2-docosahexaenoyl-sn-glycero-3-phosphocholine","M+H","NCBITAXON:http://purl.obolibrary.org/obo/NCBITaxon_9808","Homo sapiens"
"M808.584T663.7","CHEBI:64525|CHEBI:131586","C46H82NO8P","C[N+](C)(C)CCOP([O-])(=O)OC[C@@H](COC([*])=O)OC([*])=O|[H][C@@](COC([*])=O)(COP([O-])(=O)OCC[NH3+])OC([*])=O",NA,"Phosphatidylcholine(38:5)|Phosphoethanolamine(41:5)","M+H","NCBITAXON:http://purl.obolibrary.org/obo/NCBITaxon_9809","Homo sapiens"
"M810.6T678.8","CHEBI:64526","C46H84NO8P","C[N+](C)(C)CCOP([O-])(=O)OC[C@@H](COC([*])=O)OC([*])=O",NA,"Phosphatidylcholine(38:4)","M+H","NCBITAXON:http://purl.obolibrary.org/obo/NCBITaxon_9810","Homo sapiens"
"M812.616T686.5","CHEBI:64446","C46H86NO8P","C[N+](C)(C)CCOP([O-])(=O)OC[C@@H](COC([*])=O)OC([*])=O",NA,"Phosphatidylcholine(38:3)","M+H","NCBITAXON:http://purl.obolibrary.org/obo/NCBITaxon_9811","Homo sapiens"
"M814.687T716.2","CHEBI:66859","C46H88NO8P","C[N+](C)(C)CCOP([O-])(=O)OC[C@@H](COC([*])=O)OC([*])=O",NA,"Phosphatidylcholine(38:2)","M+H","NCBITAXON:http://purl.obolibrary.org/obo/NCBITaxon_9812","Homo sapiens"
"M815.694T736.3","CHEBI:91146","C47H95N2O6P","C(CCCCCCCCCC)CCCC[C@@H](O)[C@@H](NC(CCCCCCCCCCCCC/C=C\CCCCCCCC)=O)COP(OCC[N+](C)(C)C)(=O)[O-]","InChI=1S/C47H95N2O6P/c1-6-8-10-12-14-16-18-20-21-22-23-24-25-26-27-29-31-33-35-37-39-41-47(51)48-45(44-55-56(52,53)54-43-42-49(3,4)5)46(50)40-38-36-34-32-30-28-19-17-15-13-11-9-7-2/h20-21,45-46,50H,6-19,22-44H2,1-5H3,(H-,48,51,52,53)/b21-20-/t45-,46+/m0/s1","N-(15Z-tetracosenoyl)-sphinganine-1-phosphocholine","M+H","NCBITAXON:http://purl.obolibrary.org/obo/NCBITaxon_9813","Homo sapiens"
"M818.603T673.2","CHEBI:64431","C48H84NO8P","C[N+](C)(C)CCOP([O-])(=O)OC[C@@H](COC([*])=O)OC([*])=O",NA,"Phosphatidylcholine(40:6)","M+H","NCBITAXON:http://purl.obolibrary.org/obo/NCBITaxon_9814","Homo sapiens"
"M833.65T700.9","CHEBI:72535","C47H91N2O6P","C[N+](C)(C)CCOP([O-])(=O)OC[C@H](NC([*])=O)[C@H](O)[*]",NA,"Sphingomyelin(42:3)","M+H","NCBITAXON:http://purl.obolibrary.org/obo/NCBITaxon_9815","Homo sapiens"
"M836.614T682.1","CHEBI:64524","C48H86NO8P","C[N+](C)(C)CCOP([O-])(=O)OC[C@@H](COC([*])=O)OC([*])=O",NA,"Phosphatidylcholine(40:5)","M+H","NCBITAXON:http://purl.obolibrary.org/obo/NCBITaxon_9816","Homo sapiens"
"M860.607T596","CHEBI:131440","C50H86NO8P","C[N+](C)(C)CCOP([O-])(=O)OC[C@@H](COC([*])=O)OC([*])=O",NA,"Phosphatidylcholine(42:7)","M+H","NCBITAXON:http://purl.obolibrary.org/obo/NCBITaxon_9817","Homo sapiens"
